ISMN,annee_sortie,arrangeur,artiste,collection,compositeur,description,duree,edition,genre,instrumentation,niveau,partie_euro,ref_editeur,sous_titre,style,titre,url
,2024,,,Southern Music Band,James Barnes,"Composed during the summer and fall of 1974, Barnes' FIRST SYMPHONY, Op. 35 was his master's thesis at The University of Kansas. It was premiered in the spring semester of 1976 by their Symphonic Band, Robert E. Foster conducting. The following year, the symphony was awarded the American Bandmasters Ostwald Composition prize, which led to a second performance (of only the first two movements) by the Northwestern Wind",,Southern Music Company,,Orchestre d'Harmonie,5.0,False,HL01455262,for Symphonic Band,Concert,"First Symphony, Op. 35",https://www.musicshopeurope.com/first-symphony-op-35-hl01455262?returnurl=%2fpartitions%2fband%2forchestre-d-harmonie%2ftype%2520de%2520produit%3dconducteur%2520-15%3d%2520parties%2f%3fsort%3dmarketable%2bfrom_desc
,2024,,,Southern Music Band,Greg Sanders,"Distant Hymns is the third movement from the composer's work Dreams and Faith (The Solomon Valley Anthology). The American Composers Alliance commissioned the work for their Continental Harmony Project. In the late 1880s and early 1900s, many of the inhabitants of the Solomon River area in northern Kansas meticulously documented their lives in the vast expanse of the Kansas prairie in writings in their personal",,Southern Music Company,,Orchestre d'Harmonie,,False,HL01428503,for Band,Concert,Distant Hymns,https://www.musicshopeurope.com/distant-hymns-hl01428503?returnurl=%2fpartitions%2fband%2forchestre-d-harmonie%2ftype%2520de%2520produit%3dconducteur%2520-15%3d%2520parties%2f%3fsort%3dmarketable%2bfrom_desc
,2025,Paul Murtha,,Flex-Band Grade 3,,Friday night lights are the perfect  setting for your marching band to groove hard on this driving techno favorite from the smash hit Netflix movie. The entire ensemble gets to stretch out and flex. Pure energy!,,Hal Leonard,"TV, Film, Comédie musicale",Orchestre d'Harmonie,,True,HL04009654,from KPop Demon Hunters,,Golden,https://www.musicshopeurope.com/golden-hl04009654?returnurl=%2fpartitions%2fband%2forchestre-d-harmonie%2ftype%2520de%2520produit%3dconducteur%2520-15%3d%2520parties%2f%3fsort%3dmarketable%2bfrom_desc
,2025,Paul Lavender,,Young Concert Band,John Williams,"This medley of the timeless music from the beloved Christmas movie series captures all of the whimsical, festive and heartwarming emotions from John Williams' iconic scores. Arranged to be performed as a stand-alone concert band work or as an accompaniment to the choir arrangement. Songs include Somewhere in My Memory; Merry Christmas, Merry Christmas, Star of Bethlehem and We Wish You A Merry Christmas.",,Hal Leonard,,Orchestre d'Harmonie,3.5,True,HL04009577,(Band with opt. Chorus),Fêtes,Selections from Home Alone,https://www.musicshopeurope.com/selections-from-home-alone-hl04009577?returnurl=%2fpartitions%2fband%2forchestre-d-harmonie%2ftype%2520de%2520produit%3dconducteur%2520-15%3d%2520parties%2f%3fsort%3dmarketable%2bfrom_desc
9790365227334,2025,,,Beriato Entertainment,Etienne Crausaz,"Dancing on the Sand  (Danse sur le sable) nous plonge dans une ambiance orientale très marquée. Une introduction modérée, soutenue par la percussion, plante le décor. Une petite cadence de la clarinette sur la deuxième partie de l’œuvre, durant laquelle une danse orientale construite sur des rythmes irréguliers se développe, en constante accélération, pour aboutir à un final des plus éblouissants. Une pièce qui",00:05:00,Beriato Music Publishing,Musique légère originale,Orchestre d'Harmonie,5.0,True,BMP25011749,,Concert,Dancing on the Sand,https://www.musicshopeurope.com/dancing-on-the-sand-bmp25011749?returnurl=%2fpartitions%2fband%2forchestre-d-harmonie%2ftype%2520de%2520produit%3dconducteur%2520-15%3d%2520parties%2f%3fsort%3dmarketable%2bfrom_desc
9790365227372,2025,,,Beriato Opening Series,Bert Appermont,"Cette composition s’ouvre sur une fanfare de cuivres majestueuse qui mène à un hymne mélodieux. Après un développement progressif, les deux mélodies se rejoignent dans un grand tutti. Fanfare & Hymn  est une commande du orchestre d’harmonie royal Ons Verlangen, Beverst (Belgique) en hommage aux membres du comité et musiciens Edgard Thijssen et Jos Appermont. Ceux-ci étaient comme des figures paternelles qui, par leur",00:05:20,Beriato Music Publishing,Ouverture,Orchestre d'Harmonie,4.0,True,BMP25011767,'To the Fathers',Concert,Fanfare & Hymn,https://www.musicshopeurope.com/fanfare-1-hymn-bmp25011767?returnurl=%2fpartitions%2fband%2forchestre-d-harmonie%2ftype%2520de%2520produit%3dconducteur%2520-15%3d%2520parties%2f%3fsort%3dmarketable%2bfrom_desc
9790502991210,2025,,,,Franco Cesarini,"Winds of Hope  est une ouverture pour orchestre d’harmonie qui célèbre l’élan vital, la capacité de regarder au-delà de l’horizon et de toujours trouver une direction, même dans l’adversité.  Le voyage musical commence par un thème lyrique et aérien, tel un vent porteur de promesses de renouveau. La musique s’anime ensuite d’élans rythmiques et brillants, chargés d’énergie et de détermination. Dans la partie",00:07:30,Edition Franco Cesarini,Pièce de concert,Orchestre d'Harmonie,4.0,True,EFC044-CBHA,"(An Overture), Op. 64",,Winds of Hope,https://www.musicshopeurope.com/winds-of-hope-efc044--cbha?returnurl=%2fpartitions%2fband%2forchestre-d-harmonie%2ftype%2520de%2520produit%3dconducteur%2520-15%3d%2520parties%2f%3fsort%3dmarketable%2bfrom_desc
,2025,,,MusicWorks Grade 3,Michele Fernández,"Written in remembrance of Ahmir Joliff and Dan Marburger, this concert Bolero incorporates musicalÿ elements of both Latin and Middle Eastern cultures to create moments of high emotion that depict innocence, love and sacrifice. Detailed percussion notes contribute greatly to performance accuracy. A unique addition to the concert band repertoire.",,Hal Leonard,,Orchestre d'Harmonie,4.0,False,HL04009658,,Concert,A Mere Moment,https://www.musicshopeurope.com/a-mere-moment-hl04009658?returnurl=%2fpartitions%2fband%2forchestre-d-harmonie%2ftype%2520de%2520produit%3dconducteur%2520-15%3d%2520parties%2f%3fsort%3dmarketable%2bfrom_desc
,2025,,,MusicWorks Grade 5,Paul Murtha,A heroic and triumphant work commissioned in honor of the U.S. Special Forces and the U.S Army's 250th birthday. Glorious brass fanfares and dazzling woodwind lines open the piece with a reflective and reverent theme of remembrance taking over before transitioning back to a soaring closing of hope and glory.,,Hal Leonard,,Orchestre d'Harmonie,5.0,False,HL04009648,,,De Oppresso Liber,https://www.musicshopeurope.com/de-oppresso-liber-hl04009648?returnurl=%2fpartitions%2fband%2forchestre-d-harmonie%2ftype%2520de%2520produit%3dconducteur%2520-15%3d%2520parties%2f%3fsort%3dmarketable%2bfrom_desc
,2025,John Wasson,,Discovery Plus Concert Band,Alan Menken,"From an Off-Off Broadway hit to a popular to movie to one of the most performed musicals in every level of theatre in the world, this arrangement brings the catchy, rocking, and unforgettable opening number to your young musicians. A hit!",,Hal Leonard,"TV, Film, Comédie musicale",Orchestre d'Harmonie,2.0,True,HL04009642,,Broadway,Little Shop of Horrors,https://www.musicshopeurope.com/little-shop-of-horrors-hl04009642?returnurl=%2fpartitions%2fband%2forchestre-d-harmonie%2ftype%2520de%2520produit%3dconducteur%2520-15%3d%2520parties%2f%3fsort%3dmarketable%2bfrom_desc
,2025,,Lady Gaga,Discovery Plus Concert Band,Carol Brittin Chambers,This arrangement perfecty captures the infectious groove and catchy melody that this Lady Gaga hit brings to the party while remaing highly accessible. Make practicing fun!,,Hal Leonard,Pop & rock,Orchestre d'Harmonie,2.0,True,HL04009640,,,Abracadabra,https://www.musicshopeurope.com/abracadabra-hl04009640?returnurl=%2fpartitions%2fband%2forchestre-d-harmonie%2ftype%2520de%2520produit%3dconducteur%2520-15%3d%2520parties%2f%3fsort%3dmarketable%2bfrom_desc
9790035258118,2026,,,Concert and Contest Collection CBHA,Thierry Deleruyelle,"Impetus  représente à la fois le caractère de l'œuvre et l'état d'esprit de l'Ensemble Musical de Maillé, qui l'a commandée. Les deux chefs de l'Ensemble, Victorien Garreau et Grégoire Tapin, ont prié le compositeur Thierry Deleruyelle d'écrire une œuvre originale pour marquer le 115e anniversaire de leur orchestre. Une introduction brillante et dynamique se terminant par un grand maestoso est suivie d'une section",00:11:25,De Haske Publications,Pièce de concert,Orchestre d'Harmonie,4.0,True,DHP 1266558-010,,Concert,Impetus,https://www.musicshopeurope.com/impetus-dhp%201266558--010?returnurl=%2fpartitions%2fband%2forchestre-d-harmonie%2ftype%2520de%2520produit%3dconducteur%2520-15%3d%2520parties%2f%3fsort%3dmarketable%2bfrom_desc
9790035258132,2026,,,Mitropa Concertwork Series,Thomas Doss,"La Danza  a été composée pour le 20e anniversaire du Südtiroler Jugendblasorchester, un orchestre de jeunes musiciens du nord de l'Italie. La danse est une forme d'expression qui accompagne l'humanité depuis ses origines ; tout comme le chant, elle est une manifestation spontanée des émotions. Ainsi, quoi de mieux qu'une danse pour célébrer un anniversaire ? Thomas Doss a tout prévu !",00:08:50,Mitropa Music,Pièce de concert,Orchestre d'Harmonie,5.0,True,2259-26-010 M,,,La Danza,https://www.musicshopeurope.com/la-danza-2259--26--010%20m?returnurl=%2fpartitions%2fband%2forchestre-d-harmonie%2ftype%2520de%2520produit%3dconducteur%2520-15%3d%2520parties%2f%3fsort%3dmarketable%2bfrom_desc
9790035258576,2026,,,Concert and Contest Collection CBHA,Jacob de Haan,"Happy Harmony  est une composition joyeuse qui met la musique pour instruments à vent à l'honneur. Le mot « harmonie » peut être interprété de différentes manières. Dans des pays comme la France, la Belgique et les Pays-Bas, « harmonie » est le nom donné à un orchestre symphonique à vent. Deuxièmement, le terme fait généralement référence à un sentiment d'unité, très présent chez les musiciens d'orchestre, en raison",00:04:30,De Haske Publications,Pièce de concert,Orchestre d'Harmonie,2.5,True,DHP 1266569-010,,Musique Légère Originale,Happy Harmony,https://www.musicshopeurope.com/happy-harmony-dhp%201266569--010?returnurl=%2fpartitions%2fband%2forchestre-d-harmonie%2ftype%2520de%2520produit%3dconducteur%2520-15%3d%2520parties%2f%3fsort%3dmarketable%2bfrom_desc
9790035258613,2026,,,Concert and Contest Collection CBHA,Jacob de Haan,"Cette œuvre charmante évoque la province néerlandaise de Drenthe, une région où la beauté de la nature s'épanouit. Dans  Beauty of Nature e, le compositeur se remémore les vacances de son enfance passées ici avec ses parents. Depuis les chants d'oiseaux jusqu’à la chanson régionale de Drenthe, en passant par une chanson pour enfants et de magnifiques passages tutti, cette composition est une œuvre joyeuse, tant pour",00:08:05,De Haske Publications,Pièce de concert,Orchestre d'Harmonie,3.0,True,DHP 1266571-010,,,Beauty of Nature,https://www.musicshopeurope.com/beauty-of-nature-dhp%201266571--010?returnurl=%2fpartitions%2fband%2forchestre-d-harmonie%2ftype%2520de%2520produit%3dconducteur%2520-15%3d%2520parties%2f%3fsort%3dmarketable%2bfrom_desc
9790035258477,2026,,,Mitropa Concertwork Series,Marc Jeanbourquin,"Pour composer  Free Mind , un morceau léger et dynamique, Marc Jeanbourquin s’est inspiré d’un chant gospel, « Oh, Freedom », qui parle de la liberté afro-américaine de l'après-guerre civile. En ces temps de crise, le compositeur voulait évidemment garder un esprit positif et énergique, symbolisant l'espoir de jours meilleurs. Les quatre notes du thème « Oh, Freedom » sont présentes du début à la fin de l'œuvre, le",00:03:00,Mitropa Music,Ouverture,Orchestre d'Harmonie,3.5,True,2237-26-010 M,,Musique Légère Originale,Free Mind,https://www.musicshopeurope.com/free-mind-2237--26--010%20m?returnurl=%2fpartitions%2fband%2forchestre-d-harmonie%2ftype%2520de%2520produit%3dconducteur%2520-15%3d%2520parties%2f%3fsort%3dmarketable%2bfrom_desc
9790035258637,2026,,,Concert and Contest Collection CBHA,Thierry Deleruyelle,"La tranquillité d'un village de montagne est bouleversée par une rumeur effrayante : une créature, animale ou quelque chose de plus inquiétant, rôderait dans les environs. Après un début calme, la musique s'intensifie avec des lignes tendues et nerveuses : la peur s'installe. Le paysage sonore devient fantastique, presque comme une nuit d'Halloween. Les villageois se rassemblent pour traquer la bête, l'orchestre",00:11:45,De Haske Publications,Pièce de concert,Orchestre d'Harmonie,3.5,True,DHP 1266572-010,The Chase Begins,Concours,Predator,https://www.musicshopeurope.com/predator-dhp%201266572--010?returnurl=%2fpartitions%2fband%2forchestre-d-harmonie%2ftype%2520de%2520produit%3dconducteur%2520-15%3d%2520parties%2f%3fsort%3dmarketable%2bfrom_desc
9790035258590,2026,,,Applause,Thierry Deleruyelle,"Rockstar  incarne l’énergie brute et l’esprit rebelle du rock transposé à l’univers de l’orchestre d’harmonie. La pulsation constante, les contrastes dynamiques et l’intensité collective créent un souffle électrique, comme une scène illuminée par les projecteurs d’un concert endiablé où chaque pupitre devient un instrument d’énergie. Commandée par la Lyre Dainvilloise (direction : Valérie Chevalier), l’œuvre célèbre",00:04:00,De Haske Publications,Musique légère originale,Orchestre d'Harmonie,2.5,True,DHP 1266570-010,,Musique Légère Originale,Rockstar,https://www.musicshopeurope.com/rockstar-dhp%201266570--010?returnurl=%2fpartitions%2fband%2forchestre-d-harmonie%2ftype%2520de%2520produit%3dconducteur%2520-15%3d%2520parties%2f%3fsort%3dmarketable%2bfrom_desc
9790365227433,2026,,,Beriato Concert Works,Filip Ceunen,"Entre le XVe et le XVIIe siècle, les conquistadores – soldats, aventuriers et conquérants espagnols – ont joué un rôle important dans la colonisation de l'Amérique latine et des Philippines. Cette œuvre reflète un pan dramatique de l'histoire, avec ses rebondissements dramatiques, magnifiquement exprimés par le compositeur à travers des sons mystérieux, des mélodies envoûtantes et des passages rapides agrémentés",00:07:20,Beriato Music Publishing,Pièce de concert,Orchestre d'Harmonie,3.0,True,BMP26011768,,Concert,Conquistadores,https://www.musicshopeurope.com/conquistadores-bmp26011768?returnurl=%2fpartitions%2fband%2forchestre-d-harmonie%2ftype%2520de%2520produit%3dconducteur%2520-15%3d%2520parties%2f%3fsort%3dmarketable%2bfrom_desc
9790570711468,2026,,,Anglo Music Midway Series,Philip Sparke,"The Castle on the Hill  (Le Château sur la colline) est une commande de l'Harmonie l'Abeille de Lucens, basée dans l'ouest de la Suisse. L’œuvre a été créée par celle-ci lors de son concert de printemps le 12 avril 2025, dans la Grande Salle de Lucens. L'orchestre a une histoire prestigieuse qui remonte à 1883 et compte également un orchestre de jeunes ainsi qu'une école de musique. La marche est de forme",00:03:40,Anglo Music Press,Marche de concert,Orchestre d'Harmonie,3.5,True,AMP 546-010,Concert March,,The Castle on the Hill,https://www.musicshopeurope.com/the-castle-on-the-hill-amp%20546--010?returnurl=%2fpartitions%2fband%2forchestre-d-harmonie%2ftype%2520de%2520produit%3dconducteur%2520-15%3d%2520parties%2f%3fsort%3dmarketable%2bfrom_desc
9790570711383,2026,,,Elite Series,Philip Sparke,"For Whom the Bells Tolls  est une commande de l’Irish Symphonic Wind Orchestra, qui l’a créée lors du concert marquant son 10e anniversaire ; ce concert s'est tenu à l'Artane School of Music, à Dublin, le 31 août 2024. La commande a été financée par des fonds collectés pour la composition d’une pièce commémorant les amis et les membres de l'orchestre récemment décédés. C'est ce qui a inspiré le choix du titre, tiré",00:06:10,Anglo Music Press,Pièce de concert,Orchestre d'Harmonie,4.0,True,AMP 543-010,,Hymne,For Whom the Bell Tolls,https://www.musicshopeurope.com/for-whom-the-bell-tolls-amp%20543--010?returnurl=%2fpartitions%2fband%2forchestre-d-harmonie%2ftype%2520de%2520produit%3dconducteur%2520-15%3d%2520parties%2f%3fsort%3dmarketable%2bfrom_desc
9790570711253,2026,,,Elite Series,Philip Sparke,"Resurgence   est une commande de Nishiusuki Kyoiku Shinko Rengokai, une organisation à but non lucratif pour la promotion de l’éducation au Japon, pour célébrer son 10e anniversaire, en 2023. Elle a fondé un orchestre d’harmonie qui a créé cette composition lors de son concert d’anniversaire. L’œuvre s’ouvre avec une fanfare qui mène à un thème martial par les cuivres, mais celui-ci s’apaise rapidement pour",00:08:00,Anglo Music Press,Pièce de concert,Orchestre d'Harmonie,5.0,True,AMP 529-010,,Concours,Resurgence,https://www.musicshopeurope.com/resurgence-amp%20529--010?returnurl=%2fpartitions%2fband%2forchestre-d-harmonie%2ftype%2520de%2520produit%3dconducteur%2520-15%3d%2520parties%2f%3fsort%3dmarketable%2bfrom_desc
,2026,,,MusicWorks Grade 4,Jay Bocook,Open (or close) your next performance with this intensely rhythmical yet melodic work in 5/4. A dervish of woodwind lines sets the tone followed by a powerful brass statement that transitions into long melodic lines over rhythmical ostinatos. Non-stop motion and unexpected harmonic twists keep the energy flowing. A great showcase for your ensemble!,,Hal Leonard,,Orchestre d'Harmonie,4.0,False,HL04009650,,,Decade,https://www.musicshopeurope.com/decade-hl04009650?returnurl=%2fpartitions%2fband%2forchestre-d-harmonie%2ftype%2520de%2520produit%3dconducteur%2520-15%3d%2520parties%2f%3fsort%3dmarketable%2bfrom_desc
,2026,Johnnie Vinson,,Discovery Plus Concert Band,,"Everyone's favorite theme song from everyone's favorite Disney Channel show will be the highlight of your next concert. And how many opportunities are there in band to play a great ska groove? Oh, and yes, someone gets to yell, Mom! Phineas and Ferb are making a title sequence!",,Hal Leonard,,Orchestre d'Harmonie,2.0,True,HL04009636,(From Phineas and Ferb),,Today Is Gonna Be A Great Day,https://www.musicshopeurope.com/today-is-gonna-be-a-great-day-hl04009636?returnurl=%2fpartitions%2fband%2forchestre-d-harmonie%2ftype%2520de%2520produit%3dconducteur%2520-15%3d%2520parties%2f%3fsort%3dmarketable%2bfrom_desc
9790035258651,2026,,,Concert and Contest Collection CBHA,Klaas Coulembier,"Tirant son nom d'un concept mathématique de Pythagore,  Tetraktys  est une œuvre festive et variée, composée pour le dixième anniversaire de l'Orchestre d’harmonie de l'Université de Gand. Une introduction mystérieuse ouvre la voie à un allegro entraînant, dans lequel toutes les sections de l'orchestre sont mises en valeur. La partie centrale lente offre un moment de calme, introduit par un thème lyrique présenté par",00:10:30,De Haske Publications,Pièce de concert,Orchestre d'Harmonie,5.0,True,DHP 1266573-010,,Concours,Tetraktys,https://www.musicshopeurope.com/tetraktys-dhp%201266573--010?returnurl=%2fpartitions%2fband%2forchestre-d-harmonie%2ftype%2520de%2520produit%3dconducteur%2520-15%3d%2520parties%2f%3fsort%3dmarketable%2bfrom_desc
9790035031292,2007,,,Scherzando Concert Works,Kevin Houben,"Call of the Clans est un voyage musical travers les Highlands (Hautes-Terres) d'Écosse, une région de montagnes aux contours déchiquetés, de collines verdoyantes, de lacs aux eauxcristallines, de ch teaux en ruines et de villages pittoresques, jadis organisés en clans. ",00:09:30,Scherzando,Pièce de concert,Orchestre d'Harmonie,3.0,True,1516-08-010 S,,,Call of the Clans,https://www.musicshopeurope.fr/call-of-the-clans-1516--08--010%20s?returnurl=%2fsearch%3fq%3dcall%2bof%2bthe%2bclans%26substoreid%3d